title,artist,date_display,year_sort,century,circa,supplied_title,context
Saint Bernard,Édouard Baldus,1852–1857,1852,19,false,false,"Statue by François Jouffroy, Decoration of the Louvre, Paris"
Saint Grégoire de Tours,Édouard Baldus,1852–1857,1852,19,false,false,"Statue by Jean-Esprit Marcellin, Decoration of the Louvre, Paris"
"Engraving of Bartolmé Murillo's ""The Infant Christ and Saint John the Baptist with a Shell""",Unknown,about 1870–1890,1870,19,true,true,
"Head of a Saint, Chiapas",Manuel Álvarez Bravo,1980s,1980,20,true,true,
Head of an Unknown Saint,William Henry Fox Talbot,May 1839,1839,19,false,true,
Madonna and Child with Saint John the Baptist,Gustavo Reiger,1859,1859,19,false,true,
Painting depicting the martyrdom of Saint Sebastian,Unknown,about 1865–1885,1865,19,true,true,
Portes de Sainte Marie des Graces a Milan,Unknown,about 1865,1865,19,true,true,
Priests at Sainte Marie de la Pierre-qui-Vire,Unknown,1860s,1860,19,true,true,
Saint Anne of the Crooked Halo,Roi Partridge,about 1920,1920,20,true,true,
Saint Francis praying beneath a tree,Bisson Frères,1858,1858,19,false,true,
Saint Jerome beside a pollard willow,Bisson Frères,1858,1858,19,false,true,
Saint Jerome in prayer,Unknown,about 1880–1889,1880,19,true,true,
Saint Paul in meditation,Bisson Frères,1858,1858,19,false,true,
"Seitz, l'Histoire de Saint Joseph d'après le Carton",Unknown,1859,1859,19,false,true,
Statue of Sainte Marie de la Pierre qui vive,Unknown,1860s,1860,19,true,true,
The mystic marriage of Saint Catherine,Unknown,1859,1859,19,false,true,
Vandalized Fresco by Orozco depicting Saint Francis and an Indigenous Man at Escuela Nacional Preparatorie in Mexico City,Edward Weston,about 1926,1926,20,true,true,
"View of Bernica, Saint Paul",Unknown,about 1880–1900,1880,19,true,true,
Yves Saint Laurent,Marie Cosindas,1968,1968,20,false,true,
A Bishop Saint,Unknown,about 1500,1500,16,true,false,
A Female Saint Contemplating a Crucifix,Giovanni Antonio Guardi,about 1745,1745,18,true,false,
A Male Saint in Glory,Pedro Atanasio Bocanegra,about 1660–1689,1660,17,true,false,
"A Raft Passing Saint Anne, Ottawa",Alexander Henderson,about 1865,1865,19,true,false,
A Saint on Horseback,Giovanni Battista Cima da Conegliano,about 1510,1510,16,true,false,
A Young Knight in Armor Kneeling in Prayer before Saint Anthony,Dreux Jean,about 1465–1470,1465,15,true,false,
"Aimo and Vermondo, Chased up Two Trees by Four Wild Boars, Appealing to the Virgin and Child and Saint Victor to Save Them",Anovelo da Imbonate,about 1400,1400,15,true,false,
An Angel Presents Christ's Burial Garment to the Virgin; The Virgin Shows the Garment to Saint John,Unknown,about 1330–1350,1330,14,true,false,
An Angel Showing the Dragon with Seven Heads and Ten Horns to Saint John,Master of Jean de Mandeville,about 1360–1370,1360,14,true,false,
April Calendar Page; Saint George,Bedford Master,about 1440–1450,1440,15,true,false,
Arrival of Saint Ursula at Cologne,Bernardo Daddi,about 1330,1330,14,true,false,
August Calendar Page; Saint Louis,Bedford Master,about 1440–1450,1440,15,true,false,
"Binding, in Crimson Leather, of a Manuscript, which Belonged to Saint Cuthbert",Charles Thurston Thompson,"December 10, 1862",1862,19,false,false,
Bishop Theophilus Finding the Grave of Saint Anthony,Master of the Brussels Romuléon,about 1465–1470,1465,15,true,false,
Border with Scenes from the Life of Saint John,Master of the Lübeck Bible,about 1510–1520,1510,16,true,false,
Burial. Mezinka St. Lawrence Is'd,Unknown,1897–1899,1897,19,false,false,
Cartoon for the Head of Saint James,Sebastiano del Piombo,about 1520,1520,16,true,false,
Charles the Bold Presented by Saint George,Lieven van Lathem,about 1471,1471,15,true,false,
Chartran - Vision de Saint-François d'Assise,Unknown; Chartran,about 1894–1910,1894,19,true,false,
Christ and Saint Michael,Unknown,shortly after 1053,1053,11,true,false,
Christ Appearing to Saint James the Greater,Lieven van Lathem,1469,1469,15,false,false,
Christ before Saint John the Baptist,Unknown; Brother Philipp,about 1400–1410,1400,15,true,false,
Christ Blessing Saint Hedwig; Saint Hedwig Washing Her Grandson's Face,Unknown,1353,1353,14,false,false,
"Christ on the Cross with the Virgin Mary, Mary Magdalene, and Saint John",Pietro da Cortona,about 1661,1661,17,true,false,
"Christ's Command to St. Peter, ""Feed My Sheep!"" (""Pasce Oves Mea"")",Andrea Sacchi,about 1628,1628,17,true,false,
"Cirque de Savarnie, près de Saint Sauveur",Jules Andrieu,about 1867,1867,19,true,false,
Demons Flagellating Saint Hedwig and Saint Hedwig Requesting Extreme Unction; Saint Hedwig Demanding Penitence of Two Nuns Who Entered Her Sick Room,Unknown,1353,1353,14,false,false,
Dish with Saint Clare,Baldassare Manara,about 1535,1535,16,true,false,
Dish with Saint Peter,Unknown,about 1500–1520,1500,16,true,false,
Emperor Domitian Speaking to Saint John the Evangelist and Saint John the Evangelist in a Vat of Boiling Oil,Unknown,about 1255–1260,1255,13,true,false,
February Calendar Page; Saint Peter,Bedford Master,about 1440–1450,1440,15,true,false,
Figures Tending to the Wounded Saint Sebastian,Andrea Lilio,about 1596,1596,16,true,false,
Florence / Study of St. John the Baptist,Julia Margaret Cameron,1872,1872,19,false,false,
Four Studies of Heads Drawn over a Copy of Saint John the Evangelist by Correggio (recto); Three Studies of Men (verso),Annibale Carracci; Ludovico Carracci,about 1585,1585,16,true,false,
"Francesco Francia, Saint Etienne (galerie Borghese)",Gustavo Reiger; James Anderson,1859,1859,19,false,false,
"Frans Hals's ""The Dinner of the Officers Corps of Saint Adrian""",Adolphe Braun,1895,1895,19,false,false,
"Ghiberti's ""Saint John the Baptist"", Florence",Fratelli Alinari,about 1885–1920,1885,19,true,false,
Head of a Priest or Saint,Unknown,about A.D. 400,400,5,true,false,
Head of a Woman (Saint Anne?),Unknown,about 1480,1480,15,true,false,
Head of an Angel or Saint,Unknown,about 1410,1410,15,true,false,
"Head of Saint Francis (recto); Studies of the Head of Saint Francis, Head of an Old Man, and Two Right Hands (verso)",Bernardo Strozzi,about 1610–1620,1610,17,true,false,
Head of Saint Joseph,Federico Barocci,about 1586,1586,16,true,false,
Head of St. John the Baptist,Jean-Baptiste (called Joanny) Chatigny,1869,1869,19,false,false,
Heinrich Sleeping and Saint Hedwig Praying; Heinrich and Saint Hedwig with Their Children,Unknown,1353,1353,14,false,false,
"Il Redentore coi simboli degli Evangelisti, la Trasfigurazione e S. Apollinare. [The Redeemer with the symbols of the Evangelists, the Transfiguration of Saint Apollinare.]",Fratelli Alinari,about 1890–1920,1890,19,true,false,
Inital D: A Partially Nude Saint Wrings his Hands,Bute Master,text and illumination about 1285,1285,13,true,false,
Initial A: Saint Adrian,Master of the Dresden Prayer Book,about 1480–1485 ?,1480,15,true,false,
Initial A: Saint Anthony Saving Five Children from Wolves,Master of the Brussels Romuléon,about 1465–1470,1465,15,true,false,
Initial A: Saint John Kneeling in Prayer before his Apocalyptic Vision of Christ Enthroned,Unknown,about 1260–1270,1260,13,true,false,
Initial A: Saint John Sleeping and an Angel with a Trumpet,Unknown,about 1280–1290,1280,13,true,false,
Initial A: Saint John Sleeping and Angel with a Trumpet,Unknown,about 1250–1262,1250,13,true,false,
"Initial A: Saint John the Baptist and the Messiah, cutting from a gradual",Master of the Burke Saint John the Baptist and the Messiah,about 1400–1450,1400,15,true,false,
Initial A: Saint John the Evangelist,Stefan Lochner,about 1450,1450,15,true,false,
Initial A: The Vision of Saint John of Christ Enthroned and David Playing the Harp,Unknown,begun after 1234–completed before 1262,1234,13,false,false,
Initial B: A Female Saint,Unknown,about 1300,1300,14,true,false,
Initial B: A Nimbed Man Wearing a Hairshirt (Saint John the Baptist?),Unknown,about 1300,1300,14,true,false,
Initial B: A Saint Holding a Scroll,Bute Master,text and illumination about 1285,1285,13,true,false,
Initial B: Saint Nicholas,Master of the Dresden Prayer Book,about 1480–1485 ?,1480,15,true,false,
Initial B: The Arrest of Saint Agnes,Unknown,about 1320–1325,1320,14,true,false,
Initial C: Christ in Majesty between the Virgin Mary and Saint John the Evangelist,Unknown,about 1300,1300,14,true,false,
Initial C: Saint Benedict Blessing Maurus,Unknown,about 1420,1420,15,true,false,
Initial C: Saint Lawrence,Master of the Brussels Initials,between about 1389 and 1400,1389,14,true,false,
Initial C: Saint Nicholas,Master of Gerona,late 13th century,1250,13,true,false,
Initial C: The Emperor of Constantinople Enshrining the Body of Saint Anthony,Master of the Brussels Romuléon,about 1465–1470,1465,15,true,false,
Initial C: The Martyrdom of Saint Andrew,Unknown,about 1320–1325,1320,14,true,false,
Initial C: The Martyrdom of Saint Thomas Becket,Unknown,about 1320–1325,1320,14,true,false,
Initial D: A Kneeling Saint in Prayer,Unknown,about 1300,1300,14,true,false,
Initial D: A Saint Holding a Scroll,Bute Master,text and illumination about 1285,1285,13,true,false,
Initial D: A Seated Saint,Bute Master,text and illumination about 1285,1285,13,true,false,
Initial D: Saint Anthony Raising a Dead Man,Master of the Brussels Romuléon,about 1465–1470,1465,15,true,false,
Initial D: Saint Catherine,Master of the Brussels Initials,between about 1389 and 1400,1389,14,true,false,
Initial D: Saint Jerome,Unknown,about 1280–1290,1280,13,true,false,
Initial D: Saint Jerome with Scenes of the Life of Christ,Unknown,about 1250–1262,1250,13,true,false,
Initial D: Saint John the Baptist,Cosmè Tura,about 1470–1480,1470,15,true,false,
Initial D: Saint John the Baptist,Matteo da Milano,about 1520,1520,16,true,false,
"Initial D: Saint John the Baptist, cutting from a gradual",Unknown,about 1500,1500,16,true,false,
Initial D: Saint Lucy,Master of the Brussels Initials,between about 1389 and 1400,1389,14,true,false,
"Initial D: Saint Peter, cutting from an antiphonal",Maestro Daddesco,about 1331–1334,1331,14,true,false,
Initial D: The Martyrdom of Saint Andrew,Unknown,begun after 1234–completed before 1262,1234,13,false,false,
Initial D: The Naming of Saint John the Baptist,Master of the Brussels Initials,between about 1389 and 1400,1389,14,true,false,
Initial E: A Female Saint (Mary?) with a Book and Flowers; Initial A: The Annunciation,Unknown,about 1300,1300,14,true,false,
Initial E: A Saint Holding a Scroll,Bute Master,text and illumination about 1285,1285,13,true,false,
Initial E: A Saint Holding a Scroll; Initial L: People in Prayer before an Altar,Bute Master,text and illumination about 1285,1285,13,true,false,
Initial E: David Praying; Initial D: A Female Saint Praying,Bute Master,text and illumination about 1285,1285,13,true,false,
Initial E: Saint Anthony Raising Three Men Killed by Lions,Master of the Brussels Romuléon,about 1465–1470,1465,15,true,false,
Initial E: Saint James the Greater,Master of the Brussels Initials,between about 1389 and 1400,1389,14,true,false,
Initial E: Saint Jerome in His Study,Master of the Birago Hours,about 1470–1480,1470,15,true,false,
Initial E: Saint John the Evangelist,Master B.F.,early 16th century,1550,16,true,false,
Initial E: Saint Margaret and a Dragon,Master of the Llangattock Hours,1450s,1450,15,true,false,
Initial E: Saint Matthew,Master of the Brussels Initials,between about 1389 and 1400,1389,14,true,false,
Initial E: Saint Paul,Master of the Brussels Initials,between about 1389 and 1400,1389,14,true,false,
Initial E: Saint Peter,Master of the Brussels Initials,between about 1389 and 1400,1389,14,true,false,
"Initial E: Saint Peter, leaf from an antiphonal",Lippo Vanni,early 1340s,1340,14,true,false,
Initial E: Saint Sebastian,Master of the Dresden Prayer Book,about 1480–1485 ?,1480,15,true,false,
Initial E: Saint Stephen,Master of the Brussels Initials,between about 1389 and 1400,1389,14,true,false,
Initial F: Saint Benedict Blessing a Group of Monks,Unknown,about 1260–1270,1260,13,true,false,
Initial F: Saint Jerome,Unknown,about 1270,1270,13,true,false,
Initial F: Saint Luke,Unknown,about 1250–1262,1250,13,true,false,
Initial F: Saint Luke with the Head of His Symbol,Unknown,about 1280–1290,1280,13,true,false,
Initial F: Saint Michael and the Dragon,Unknown,about 1260–1270,1260,13,true,false,
"Initial F: The Archangel Saint Michael, cutting from an antiphonal",Master of the Deruta and Salerno Missals,about 1290–1300,1290,13,true,false,
Initial G: Saint Agatha,Master of the Brussels Initials,between about 1389 and 1400,1389,14,true,false,
Initial G: Saint Barbara,Master of the Dresden Prayer Book,about 1480–1485 ?,1480,15,true,false,
Initial G: Saint Blaise,Master of the Murano Gradual,about 1450–1460,1450,15,true,false,
Initial G: Saint Catherine,Master of the Dresden Prayer Book,about 1480–1485 ?,1480,15,true,false,
Initial G: Saint Francis,Master of the Brussels Initials,between about 1389 and 1400,1389,14,true,false,
Initial G: Saint George and the Dragon,Master of the Dresden Prayer Book,about 1480–1485 ?,1480,15,true,false,
Initial G: Saint George and the Dragon,Master of the Llangattock Hours,1450s,1450,15,true,false,
Initial G: Saint Margaret,Master of the Dresden Prayer Book,about 1480–1485 ?,1480,15,true,false,
Initial G: Saint Peter,Unknown,about 1300,1300,14,true,false,
Initial G: Saint Thomas Becket,Master of the Brussels Initials,between about 1389 and 1400,1389,14,true,false,
Initial G: The Assumption of Saint Mary Magdalene,Niccolò di Giacomo da Bologna,about 1392–1402,1392,14,true,false,
Initial G: The Stigmatization of St. Francis,Rinaldo da Siena,about 1275,1275,13,true,false,
"Initial G: The Virgin, Saint Elizabeth, and the Infants John the Baptist and Christ",Unknown,about 1300,1300,14,true,false,
Initial H: Saint Jerome,Unknown,about 1280–1290,1280,13,true,false,
Initial H: Saint Martin Dividing His Cloak,Unknown,about 1260–1270,1260,13,true,false,
Initial H: Saint Peter Enthroned with a Key and a Book,Unknown,about 1320–1325,1320,14,true,false,
Initial H: Saint Stephen,Master of the Golden Bull,about 1405,1405,15,true,false,
Initial H: The Conversion of Saint Paul,Unknown,about 1320–1325,1320,14,true,false,
Initial I: A Martyr Saint,Lippo Vanni,third quarter of 14th century,1350,14,true,false,
Initial I: A Saint,Bute Master,text and illumination about 1285,1285,13,true,false,
Initial I: A Saint Holding a Scroll,Bute Master,text and illumination about 1285,1285,13,true,false,
Initial I: Christ and Saint John the Evangelist,Unknown,about 1280–1290,1280,13,true,false,
Initial I: Saint Anthony of Padua,Master of the Brussels Initials,between about 1389 and 1400,1389,14,true,false,
Initial I: Saint Augustine,Master of the Brussels Initials,between about 1389 and 1400,1389,14,true,false,
Initial I: Saint Dominic Enshrined,Jacobellus of Salerno,about 1270,1270,13,true,false,
Initial I: Saint James with Christ above,Unknown,about 1280–1290,1280,13,true,false,
Initial I: Saint James with Christ above,Unknown,about 1250–1262,1250,13,true,false,
Initial I: Saint John as the Eagle,Unknown,about 1170,1170,12,true,false,
Initial I: Saint John on Patmos,Master of the Dresden Prayer Book,about 1480–1485 ?,1480,15,true,false,
Initial I: Saint John the Baptist,Master of the Brussels Initials,between about 1389 and 1400,1389,14,true,false,
Initial I: Saint John the Baptist in the Wilderness,Master of the Dresden Prayer Book,about 1480–1485 ?,1480,15,true,false,
Initial I: Saint John the Evangelist,Master of the Brussels Initials,between about 1389 and 1400,1389,14,true,false,
Initial I: Saint John the Evangelist,Unknown,about 1260–1270,1260,13,true,false,
Initial I: Saint John the Evangelist in a Vat of Boiling Oil,Master of the Brussels Initials,between about 1389 and 1400,1389,14,true,false,
"Initial I: Saint John the Evangelist, cutting from a Book of Homilies",Gaddiani Master,about 1150–1200,1150,12,true,false,
Initial I: Saint John with God above,Unknown,about 1250–1262,1250,13,true,false,
Initial I: Saint Jude,Unknown,about 1170,1170,12,true,false,
Initial I: Saint Luke,Master of the Dresden Prayer Book,about 1480–1485 ?,1480,15,true,false,
Initial I: Saint Luke,Master of the Brussels Initials,between about 1389 and 1400,1389,14,true,false,
Initial I: Saint Mark,Unknown,about 1250–1262,1250,13,true,false,
Initial I: Saint Mark,Master of the Dresden Prayer Book,about 1480–1485 ?,1480,15,true,false,
Initial I: Saint Mark,Master of the Brussels Initials,between about 1389 and 1400,1389,14,true,false,
Initial I: Saint Mark with his Symbol,Unknown,about 1260–1270,1260,13,true,false,
Initial I: Saint Mark with His Symbol,Unknown,about 1280–1290,1280,13,true,false,
Initial I: Saint Matthew,Master of the Dresden Prayer Book,about 1480–1485 ?,1480,15,true,false,
Initial I: Saint Matthew,Master of the Brussels Initials,between about 1389 and 1400,1389,14,true,false,
"Initial I: Saint Michael Defeating the Devil, cutting from an antiphonal",Tommaso da Modena,about 1348–1350,1348,14,true,false,
Initial I: The Eagle of Saint John the Evangelist,Unknown,about 1260–1270,1260,13,true,false,
Initial J: Saint James with a Sword,Unknown,about 1260–1270,1260,13,true,false,
Initial J: Saint John the Evangelist,Georges Trubert,about 1480–1490,1480,15,true,false,
Initial J: Saint John the Evangelist,Master of the Dresden Prayer Book,about 1480–1485 ?,1480,15,true,false,
Initial J: Saint John the Evangelist with his Symbol,Unknown,about 1260–1270,1260,13,true,false,
Initial J: Saint Jude with a Book,Unknown,about 1260–1270,1260,13,true,false,
Initial J: Saint Peter,Master of the Brussels Initials,between about 1389 and 1400,1389,14,true,false,
Initial J: The Beheading of Saint John the Baptist,Master of the Brussels Initials,between about 1389 and 1400,1389,14,true,false,
Initial L: A Saint Holding a Scroll,Bute Master,text and illumination about 1285,1285,13,true,false,
Initial L: Saint Anastasia,Master of the Brussels Initials,between about 1389 and 1400,1389,14,true,false,
Initial L: Saint Anthony Appearing to Bishop Theophilus and Leading Him to His Hermitage,Master of the Brussels Romuléon,about 1465–1470,1465,15,true,false,
Initial L: Saint Cecilia,Master of the Brussels Initials,between about 1389 and 1400,1389,14,true,false,
Initial L: Saint Luke as the Ox,Unknown,about 1170,1170,12,true,false,
Initial L: Saint Matthew Seated,Unknown,late 12th century,1150,12,true,false,
Initial L: Saint Prisca,Master of the Brussels Initials,between about 1389 and 1400,1389,14,true,false,
Initial L: The Baptism of Saint Augustine,Master of the Osservanza,about 1430,1430,15,true,false,
Initial L: The Sick in Alexandria Are Healed after Touching the Body of Saint Anthony,Master of the Brussels Romuléon,about 1465–1470,1465,15,true,false,
Initial M: A Saint Holding a Scroll,Bute Master,text and illumination about 1285,1285,13,true,false,
Initial M: Saint Bartholomew,Master of the Brussels Initials,between about 1389 and 1400,1389,14,true,false,
Initial M: Saint Luke,Master of the Brussels Initials,between about 1389 and 1400,1389,14,true,false,
Initial M: Saint Paul Addressing Two Men,Unknown,about 1250–1262,1250,13,true,false,
Initial M: Saint Paul Speaking to a Group from Judah,Unknown,about 1260–1270,1260,13,true,false,
Initial M: Saint Paul Speaking to the Jews,Unknown,about 1280–1290,1280,13,true,false,
Initial M: Saint Sabina,Master of the Brussels Initials,between about 1389 and 1400,1389,14,true,false,
Initial M: The Beheading of Saint John the Baptist,Unknown,about 1260–1270,1260,13,true,false,
Initial M: The Death of Saint Dominic,Bolognese Illuminator of the First Style,about 1265,1265,13,true,false,
Initial M: The Virgin and Child with a Saint,Unknown,about 1300,1300,14,true,false,
Initial N: A Saint Pointing to Heaven and to the Text,Bute Master,text and illumination about 1285,1285,13,true,false,
Initial N: Saint James with a Sword,Stefan Lochner,about 1450,1450,15,true,false,
Initial N: The Beheading of Saint Paul,Niccolò di Giacomo da Bologna,about 1392–1402,1392,14,true,false,
"Initial O: A Camaldolese Saint, cutting from a gradual",Master of the Murano Gradual,about 1420–1425,1420,15,true,false,
Initial O: A Saint Holding a Scroll,Bute Master,text and illumination about 1285,1285,13,true,false,
Initial O: Saint Anthony Abbot,Master of the Dresden Prayer Book,about 1480–1485 ?,1480,15,true,false,
Initial O: Saint Barbara before a Tower,Master of the Llangattock Hours,1450s,1450,15,true,false,
Initial O: Saint Christopher,Master of the Dresden Prayer Book,about 1480–1485 ?,1480,15,true,false,
Initial O: Saint Christopher Carrying the Christ Child,Master of the Llangattock Hours,1450s,1450,15,true,false,
Initial O: Saint Geneviève,Georges Trubert,about 1480–1490,1480,15,true,false,
Initial O: Saint Gregory,Master of the Dresden Prayer Book,about 1480–1485 ?,1480,15,true,false,
Initial O: Saint James the Greater,Master of the Dresden Prayer Book,about 1480–1485 ?,1480,15,true,false,
Initial O: Saint Lawrence,Master of the Brussels Initials,between about 1389 and 1400,1389,14,true,false,
Initial O: Saint Nicholas Blessing a Child,Georges Trubert,about 1480–1490,1480,15,true,false,
Initial O: Saint Sebastian,Georges Trubert,about 1480–1490,1480,15,true,false,
Initial O: The Angel of Saint Matthew Holding Up His Gospel,Master of the Brussels Initials,between about 1389 and 1400,1389,14,true,false,
Initial O: The Martyrdom of Saint Erasmus,Master of the Llangattock Hours,1450s,1450,15,true,false,
Initial O: The Martyrdom of Saint Sebastian,Master of the Llangattock Hours,1450s,1450,15,true,false,
Initial O: The Pietà with Saint John the Evangelist,Master of the Llangattock Hours,1450s,1450,15,true,false,
Initial P: A Madman Healed After Touching the Body of Saint Anthony,Master of the Brussels Romuléon,about 1465–1470,1465,15,true,false,
Initial P: Saint Bernard Displaying the Host to William of Aquitaine,Unknown,about 1260–1270,1260,13,true,false,
"Initial P: Saint John the Baptist, cutting from a gradual",Giovanni di Paolo; Sano di Pietro,about 1446–1450,1446,15,true,false,
Initial P: Saint Paul,Stefan Lochner,about 1450,1450,15,true,false,
Initial P: Saint Paul,Unknown,about 1170,1170,12,true,false,
Initial P: Saint Paul,Unknown,about 1260–1270,1260,13,true,false,
Initial P: Saint Paul and a Messenger with Books,Unknown,about 1260–1270,1260,13,true,false,
Initial P: Saint Paul and a Priest,Unknown,about 1260–1270,1260,13,true,false,
Initial P: Saint Paul Escaping Prison in a Basket,Unknown,about 1250–1262,1250,13,true,false,
Initial P: Saint Paul Giving a Book to a Bishop,Unknown,about 1260–1270,1260,13,true,false,
Initial P: Saint Paul Giving a Book to a Messenger,Unknown,about 1260–1270,1260,13,true,false,
Initial P: Saint Paul Giving a Letter to a Bishop,Unknown,about 1280–1290,1280,13,true,false,
Initial P: Saint Paul Giving a Letter to a Messenger,Unknown,about 1280–1290,1280,13,true,false,
Initial P: Saint Paul Giving a Scroll to a Bishop,Unknown,about 1250–1262,1250,13,true,false,
Initial P: Saint Paul Giving Two Men a Scroll,Unknown,about 1250–1262,1250,13,true,false,
Initial P: Saint Paul in Conversation,Unknown,about 1280–1290,1280,13,true,false,
Initial P: Saint Paul Receiving a Message from God,Unknown,about 1250–1262,1250,13,true,false,
Initial P: Saint Paul Speaking to a Bishop,Unknown,about 1280–1290,1280,13,true,false,
Initial P: Saint Paul Speaking to a Bishop and a Messenger,Unknown,about 1280–1290,1280,13,true,false,
Initial P: Saint Paul Speaking to a Messenger,Unknown,about 1260–1270,1260,13,true,false,
Initial P: Saint Paul with a Bishop and a Messenger,Unknown,about 1280–1290,1280,13,true,false,
Initial P: Saint Paul with a Book,Unknown,about 1260–1270,1260,13,true,false,
Initial P: Saint Paul with a Book,Unknown,late 12th century,1150,12,true,false,
Initial P: Saint Paul with a Book and a Bishop,Unknown,about 1260–1270,1260,13,true,false,
Initial P: Saint Paul with a Sword,Stefan Lochner,about 1450,1450,15,true,false,
Initial P: Saint Paul; Initial P: A Bishop Giving a Letter to a Messenger,Unknown,about 1280–1290,1280,13,true,false,
Initial P: Saint Peter,Unknown,about 1280–1290,1280,13,true,false,
Initial P: Saint Peter,Stefan Lochner,about 1450,1450,15,true,false,
Initial P: Saint Peter Speaking to a Group from Judah,Unknown,about 1260–1270,1260,13,true,false,
Initial P: Saint Peter with a Book,Unknown,late 12th century,1150,12,true,false,
Initial P: Saint Peter's Vision of Clean and Unclean Beasts,Unknown,about 1250–1262,1250,13,true,false,
Initial P: The Stoning of Saint Stephen,Unknown,about 1320–1325,1320,14,true,false,
Initial P: Timothy Presented to Saint Paul,Unknown,about 1250–1262,1250,13,true,false,
Initial Q: Bishop Theophilus Beholding the Stars which Will Lead Him to the Tomb of Saint Anthony,Master of the Brussels Romuléon,about 1465–1470,1465,15,true,false,
Initial Q: Saint Anthony Reassuring Bishop Theophilus and His Companions During a Great Storm,Master of the Brussels Romuléon,about 1465–1470,1465,15,true,false,
Initial Q: Saint John the Evangelist,Unknown,about 1260–1270,1260,13,true,false,
Initial Q: Saint John the Evangelist in a Vat of Boiling Oil,Unknown,about 1260–1270,1260,13,true,false,
Initial Q: Saint Michael and the Dragon,Unknown,about 1240–1250,1240,13,true,false,
Initial Q: Saint Peter,Unknown,about 1260–1270,1260,13,true,false,
Initial Q: The Martyrdom of Saint Lawrence,Unknown,about 1260–1270,1260,13,true,false,
"Initial R or B: Saint Michael and the Dragon, cutting from an antiphonal",Giovanni di Paolo; Sano di Pietro,about 1446–1450,1446,15,true,false,
Initial R: A Saint Holding a Scroll,Bute Master,text and illumination about 1285,1285,13,true,false,
Initial R: Saint Avia in Prison Receiving Communion from the Virgin,Georges Trubert,about 1480–1490,1480,15,true,false,
Initial R: Saint Peter,Master of the Brussels Initials,between about 1389 and 1400,1389,14,true,false,
Initial S: A Bishop before a Fire; Initial O: A Nimbed Monk and a Female Saint,Unknown,about 1300,1300,14,true,false,
"Initial S: Saint Ambrose, cutting",Olivetan Master,about 1440,1440,15,true,false,
Initial S: Saint Christopher,Georges Trubert,about 1480–1490,1480,15,true,false,
Initial S: Saint John the Evangelist Giving a Letter to a Man; Initial J: A Monk with a Halo,Unknown,about 1280–1290,1280,13,true,false,
Initial S: Saint John the Evangelist with a Book; Initial S: Saint John the Evangelist with a Book,Unknown,about 1260–1270,1260,13,true,false,
Initial S: Saint Martin,Master of the Brussels Initials,between about 1389 and 1400,1389,14,true,false,
Initial S: Saint Paul,Master of the Brussels Initials,between about 1389 and 1400,1389,14,true,false,
Initial S: Saint Peter,Unknown,about 1250–1262,1250,13,true,false,
Initial S: Saint Peter,Unknown,about 1300,1300,14,true,false,
Initial S: Saint Peter with a Key,Unknown,about 1260–1270,1260,13,true,false,
Initial S: Saint Stephen,Master of the Brussels Initials,between about 1389 and 1400,1389,14,true,false,
Initial S: Saint Urban,Master of the Brussels Initials,between about 1389 and 1400,1389,14,true,false,
Initial S: The Beheading of Saint Paul and the Miracle of Plautilla's Veil,Niccolò di Giacomo da Bologna,about 1392–1402,1392,14,true,false,
Initial S: The Conversion of Saint Paul,Pisanello; Master of the Antiphonal Q of San Giorgio Maggiore,about 1440–1450,1440,15,true,false,
Initial S: The Martyrdom of Saint Sebastian,Unknown,about 1420,1420,15,true,false,
Initial S: The Stigmatization of Saint Francis,Master of the Dresden Prayer Book,about 1480–1485 ?,1480,15,true,false,
Initial S: The Stoning of Saint Stephen,Unknown,about 1260–1270,1260,13,true,false,
Initial S: The Stoning of Saint Stephen,Master of Gerona,late 13th century,1250,13,true,false,
"Initial S: The Stoning of Saint Stephen, cutting from an antiphonal",Master B.F.,about 1500–1510,1500,16,true,false,
Initial T: A Nimbed Cleric and a Female Saint,Unknown,about 1300,1300,14,true,false,
Initial T: Saint Louis of Toulouse,Franco dei Russi,about 1453–1463,1453,15,true,false,
Initial T: The Healing of the Blind after Touching the Body of Saint Anthony,Master of the Brussels Romuléon,about 1465–1470,1465,15,true,false,
Initial U: Saint Andrew,Unknown,late 13th century,1250,13,true,false,
Initial V: A Crowned Female Saint with a Book and a Martyr's Palm,Unknown,about 1300,1300,14,true,false,
Initial V: Haloed Figure Prays to Christ Flanked by Virgin and Saint John the Baptist,Unknown,about 1250–1262,1250,13,true,false,
Initial V: Saint Agnes,Master of the Brussels Initials,between about 1389 and 1400,1389,14,true,false,
Initial V: Saint Anthony Abbot,Unknown,about 1420,1420,15,true,false,
Initial V: Saint Apollonia,Georges Trubert,about 1480–1490,1480,15,true,false,
Initial V: Saint Apollonia with a Book and Tongs,Master of the Llangattock Hours,1450s,1450,15,true,false,
Initial V: Saint Bernard,Unknown,after 1460,1460,15,false,false,
Initial V: Saint Catherine,Georges Trubert,about 1480–1490,1480,15,true,false,
Initial V: Saint Catherine Holding a Sword over a King,Master of the Llangattock Hours,1450s,1450,15,true,false,
Initial V: Saint Jerome,Unknown,about 1280–1290,1280,13,true,false,
Initial V: Saint John the Evangelist,Unknown,about 1320–1325,1320,14,true,false,
"Initial V: Saint Placidus, cutting from an antiphonal",Don Silvestro dei Gherarducci,about 1385–1390,1385,14,true,false,
Initial V: The Virgin and Child with Saint Anne,Master of the Llangattock Hours,1450s,1450,15,true,false,
"Insect, English Walnut, Saint John's Wort, and Crayfish",Joris Hoefnagel; Georg Bocskay,1561–1562; illumination added 1591–1596,1561,16,false,false,
Invention et translation du corps de Saint Antoine,Dreux Jean; Master of the Brussels Romuléon,about 1465–1470,1465,15,true,false,
Jacques de Lalaing Arriving at a Joust with the Counts of Maine and Saint Pol,Master of the Getty Lalaing,about 1530,1530,16,true,false,
Jacques de Lalaing Kneeling before the Counts of Maine and Saint Pol,Master of the Getty Lalaing,about 1530,1530,16,true,false,
January Calendar Page; Saint Paul,Bedford Master,about 1440–1450,1440,15,true,false,
Joachim and Saint Anne before the High Priest,Unknown,about 1190–1200,1190,12,true,false,
June Calendar Page; Saint John the Baptist,Bedford Master,about 1440–1450,1440,15,true,false,
Jérusalem. Vallée de Josaphat. Tombeau de Saint Jacques,Auguste Salzmann; Louis Désiré Blanquart-Evrard,negative 1854; print 1856,1854,19,false,false,
"Landing at a Portage, Saint Laurence [sic]",Alexander Henderson,about 1870,1870,19,true,false,
Landscape with the Temptation of Saint Anthony,Roelandt Savery,1617,1617,17,false,false,
"Madonna and Child and Saint John, by P. Pesello",Caldesi & Montecchi,1858,1858,19,false,false,
"Madonna and Child with a Male Saint, Catherine of Alexandria and a Donor",Michelangelo di Pietro Membrini,about 1496,1496,15,true,false,
Madonna and Child with St. John the Baptist,Oscar Gustave Rejlander,about 1860,1860,19,true,false,
Madonna and Child with the Infant Saint John the Baptist,Giovanni Lanfranco,about 1630–1632,1630,17,true,false,
"Madonna with Infant and Saint John, by F. Bartolomeo",Robert Howlett,1858,1858,19,false,false,
Marriage of Saint Catherine by Cima da Conegliano,Caldesi & Montecchi,1858,1858,19,false,false,
Murillo. L'enfant Jesus et St. Jean. Les enfants a la coquille (au Musee du Prado),Juan Laurent,1875,1875,19,false,false,
Mystic Marriage of Saint Catherine,Bartolomeo Biscaino,about 1655,1655,17,true,false,
November Calendar Page; Saint Catherine,Bedford Master,about 1440–1450,1440,15,true,false,
Nuns Praying over the Body of Saint Hedwig; The Burial of Saint Hedwig,Unknown,1353,1353,14,false,false,
Papal Messengers Bringing Documents Concerning Saint Hedwig's Canonization from Clement IV; The Reception of the News of Saint Hedwig's Canonization,Unknown,1353,1353,14,false,false,
"Raphaël, la Dispute du Saint Sacrément (fresque du Vatican)",James Anderson,1859,1859,19,false,false,
"Raphaël, la Délivrance de Saint Pierre (fresque du Vatican)",James Anderson,1859,1859,19,false,false,
"Raphaël, Sainte Cécile. Bologne. gravure",James Anderson,1859,1859,19,false,false,
Saint Adrian Armed with a Sword and an Anvil,Master of Jacques of Luxembourg,about 1466–1470,1466,15,true,false,
Saint Agnes (recto); Figure Studies (verso),Adam Elsheimer,about 1605,1605,17,true,false,
Saint Andrew,Master H.B.,about 1530,1530,16,true,false,
Saint Andrew,Willem Vrelant,early 1460s,1460,15,true,false,
Saint Andrew,Masaccio (Tommaso di Giovanni Guidi),1426,1426,15,false,false,
Saint Andrew,Master of the First Prayer Book of Maximilian,about 1510–1520,1510,16,true,false,
Saint Andrew with a Cross,Bedford Master,about 1440–1450,1440,15,true,false,
Saint Anne and the Virgin Mary as a Child,Bedford Master,about 1440–1450,1440,15,true,false,
Saint Anne Teaching the Virgin to Read,Master of Sir John Fastolf,about 1430–1440,1430,15,true,false,
Saint Anthony,Willem Vrelant,early 1460s,1460,15,true,false,
Saint Anthony,Master of Jacques de Besançon,about 1500,1500,16,true,false,
Saint Anthony Abbot,Master of Sir John Fastolf,about 1430–1440,1430,15,true,false,
Saint Anthony Abbot,Taddeo Crivelli,about 1469,1469,15,true,false,
"Saint Anthony Abbot Blessing the Animals, the Poor, and the Sick",Master of St. Veronica,about 1400–1410,1400,15,true,false,
Saint Anthony Constraining a Devil,Unknown,about 1460,1460,15,true,false,
Saint Anthony Giving his Belongings to the Poor; Anthony Tormented by Demons; Anthony Burying Paul in the Desert; The Death and Burial of Saint Anthony,Master of the Brussels Romuléon,about 1465–1470,1465,15,true,false,
Saint Anthony of Padua,Taddeo Crivelli,about 1469,1469,15,true,false,
Saint Anthony of Padua,Unknown,about 1480–1490,1480,15,true,false,
Saint Anthony of Padua,Master of James IV of Scotland,about 1510–1520,1510,16,true,false,
Saint Anthony of Padua Preaching,Unknown,about 1460,1460,15,true,false,
Saint Anthony the Abbot,Andrea della Robbia,about 1510–1515,1510,16,true,false,
Saint Anthony with an Ax,Bedford Master,about 1440–1450,1440,15,true,false,
Saint Anthony with Bells and a Pig,Master of Jacques of Luxembourg,about 1466–1470,1466,15,true,false,
Saint Antoine,Bisson Frères,1861,1861,19,false,false,
Saint Apollonia,Master of Jacques de Besançon,about 1500,1500,16,true,false,
Saint Apollonia with a Book and Tongs,Master of Jacques of Luxembourg,about 1466–1470,1466,15,true,false,
Saint Augustine,Willem Vrelant,early 1460s,1460,15,true,false,
Saint Augustine in his Study Trampling the Heretics,Philippe de Champaigne,about 1642,1642,17,true,false,
Saint Avia,Unknown,about 1480–1490,1480,15,true,false,
Saint Barbara,Unknown,about 1480–1490,1480,15,true,false,
Saint Barbara,Master of Jacques de Besançon,about 1500,1500,16,true,false,
Saint Barbara,Willem Vrelant,early 1460s,1460,15,true,false,
Saint Barbara,Master of Sir John Fastolf,about 1430–1440,1430,15,true,false,
Saint Barbara with a Book and a Martyr's Palm before a Tower,Master of Jacques of Luxembourg,about 1466–1470,1466,15,true,false,
Saint Barbara with a Tower,Master of the First Prayer Book of Maximilian,about 1510–1520,1510,16,true,false,
Saint Barnabas Reading from a Book,Bedford Master,about 1440–1450,1440,15,true,false,
Saint Bartholomew,Unknown,18th century,1750,18,true,false,
Saint Bartholomew,Rembrandt Harmensz. van Rijn,1661,1661,17,false,false,
Saint Bartholomew with a Kneeling King and Queen,Unknown,about 1460,1460,15,true,false,
Saint Bartholomew with a Knife and a Book,Bedford Master,about 1440–1450,1440,15,true,false,
Saint Bellinus Celebrating Mass,Taddeo Crivelli,about 1469,1469,15,true,false,
Saint Benedict in Prayer,Taddeo Crivelli,about 1469,1469,15,true,false,
Saint Benedict with a Staff and a Book,Bedford Master,about 1440–1450,1440,15,true,false,
Saint Bernard,Unknown,about 1500,1500,16,true,false,
Saint Bernard,Taddeo Crivelli,about 1469,1469,15,true,false,
Saint Bernard's Vision of the Virgin and Child,Simon Marmion,about 1475–1480,1475,15,true,false,
Saint Bernardino of Siena,Taddeo Crivelli,about 1469,1469,15,true,false,
Saint Bernward of Hildesheim,Unknown,probably 1170s,1170,12,true,false,
Saint Blasius with a Crosier and a Carding Comb,Bedford Master,about 1440–1450,1440,15,true,false,
Saint Blessing a Donor,Unknown,about 1510–1515,1510,16,true,false,
Saint Catherine,Willem Vrelant,early 1460s,1460,15,true,false,
Saint Catherine,Master of Jacques de Besançon,about 1500,1500,16,true,false,
Saint Catherine,Egerton Master,about 1410,1410,15,true,false,
Saint Catherine of Alexandria,Taddeo Crivelli,about 1469,1469,15,true,false,
Saint Catherine of Alexandria,Master of Sir John Fastolf,about 1430–1440,1430,15,true,false,
Saint Catherine of Alexandria and Twelve Scenes from Her Life,Donato d'Arezzo; Gregorio d'Arezzo,about 1330,1330,14,true,false,
Saint Catherine of Alexandria at the Wheel,Nicolò dell'Abate,1547–1550,1547,16,false,false,
Saint Catherine of Bologna,Guglielmo Giraldi,about 1469,1469,15,true,false,
Saint Catherine of Siena Receiving the Stigmata,Domenico Beccafumi,about 1513–1515,1513,16,true,false,
Saint Catherine Presenting a Kneeling Woman to the Virgin and Child,Unknown,about 1400–1410,1400,15,true,false,
Saint Catherine Tended by Angels,Spitz Master,about 1420,1420,15,true,false,
Saint Catherine with a Sword and a Book,Master of the First Prayer Book of Maximilian,about 1510–1520,1510,16,true,false,
"Saint Catherine, by Cima da Conegliano",Caldesi & Montecchi,1858,1858,19,false,false,
Saint Cecilia,Domenichino (Domenico Zampieri),about 1612–1615,1612,17,true,false,
Saint Cecilia,Joseph Anton Draeger,1822,1822,19,false,false,
Saint Cecilia Giving Alms to the Poor,Pietro da Cortona,about 1635–1640,1635,17,true,false,
Saint Christophe,Bisson Frères,1861,1861,19,false,false,
Saint Christophe à la tête retournée,Bisson Frères,1861,1861,19,false,false,
Saint Christopher,Domenico Campagnola,about 1520–1525,1520,16,true,false,
Saint Christopher,Master of Guillebert de Mets,about 1450–1455,1450,15,true,false,
Saint Christopher,Master of Jacques de Besançon,about 1500,1500,16,true,false,
Saint Christopher,Lieven van Lathem,1469,1469,15,false,false,
Saint Christopher and a Donor,Unknown,about 1500–1510,1500,16,true,false,
Saint Christopher Carrying the Christ Child,Master of Guillaume Lambert,1478,1478,15,false,false,
Saint Christopher Carrying the Christ Child,Spitz Master,about 1420,1420,15,true,false,
Saint Christopher Carrying the Christ Child,Bedford Master,about 1440–1450,1440,15,true,false,
Saint Christopher Carrying the Christ Child,Master of Jacques of Luxembourg,about 1466–1470,1466,15,true,false,
Saint Christopher Carrying the Christ Child,Master of the First Prayer Book of Maximilian,about 1510–1520,1510,16,true,false,
Saint Christopher Carrying the Christ Child,Master of Sir John Fastolf,about 1430–1440,1430,15,true,false,
Saint Christopher Carrying the Christ Child,Willem Vrelant,early 1460s,1460,15,true,false,
Saint Christopher Carrying the Christ Child,Unknown,about 1460,1460,15,true,false,
"Saint Christopher in the Lessach Thal, Carinthia",W.D. Howard & F.H. Lloyd,1865,1865,19,false,false,
Saint Chrysostome,Bisson Frères,1861,1861,19,false,false,
Saint Clara with a Monstrance,Master of the First Prayer Book of Maximilian,about 1510–1520,1510,16,true,false,
Saint Claudius,Master of Jacques de Besançon,about 1500,1500,16,true,false,
Saint Clement with an Anchor,Bedford Master,about 1440–1450,1440,15,true,false,
Saint Denis Carrying his Head,Bedford Master,about 1440–1450,1440,15,true,false,
Saint Denis Holding His Head,Master of Sir John Fastolf,about 1430–1440,1430,15,true,false,
Saint Dominic,Taddeo Crivelli,about 1469,1469,15,true,false,
Saint Dominic,Master of James IV of Scotland,about 1510–1520,1510,16,true,false,
Saint Dominic,Niccolò di Giacomo da Bologna,about 1386,1386,14,true,false,
Saint Dorothy,Unknown,about 1510–1520,1510,16,true,false,
Saint Edward the Confessor,Master of Sir John Fastolf,about 1430–1440,1430,15,true,false,
Saint Eligius Overpowering a Devil,Unknown,about 1460,1460,15,true,false,
Saint Elizabeth,Master of the First Prayer Book of Maximilian,about 1510–1520,1510,16,true,false,
Saint Elizabeth,Unknown,about 1480–1490,1480,15,true,false,
Saint Erasmus,Master of Sir John Fastolf,about 1430–1440,1430,15,true,false,
Saint Eutrope Healing a Person,Lieven van Lathem,1469,1469,15,false,false,
Saint Fiacre,Unknown,about 1510–1515,1510,16,true,false,
Saint Fiacre and Houpdée,Lieven van Lathem,1469,1469,15,false,false,
Saint Francis,Master of Sir John Fastolf,about 1430–1440,1430,15,true,false,
Saint Francis (recto); Dead Christ (verso),Pontormo (Jacopo Carucci),about 1517–1518,1517,16,true,false,
Saint Francis in Prayer,Jacob Pynas,about 1630,1630,17,true,false,
Saint Francis Receiving the Stigmata,Gerrit Pietersz.,1608,1608,17,false,false,
Saint Gatian Preaching,Lieven van Lathem,1469,1469,15,false,false,
Saint Geneviève,Unknown,about 1480–1490,1480,15,true,false,
Saint Geneviève with a Candle and a Book,Bedford Master,about 1440–1450,1440,15,true,false,
Saint Genovefa,Master of Jacques de Besançon,about 1500,1500,16,true,false,
Saint George,Dosso Dossi (Giovanni di Niccolò de Lutero),about 1513–1515,1513,16,true,false,
Saint George and the Dragon,Lieven van Lathem,about 1471,1471,15,true,false,
Saint George and the Dragon,Lewis Carroll,"June 26, 1875",1875,19,false,false,
Saint George and the Dragon,Master of Guillebert de Mets,about 1450–1455,1450,15,true,false,
Saint George and the Dragon,Bedford Master,about 1440–1450,1440,15,true,false,
Saint George and the Dragon,Willem Vrelant,early 1460s,1460,15,true,false,
Saint George and the Dragon,Master of Sir John Fastolf,about 1430–1440,1430,15,true,false,
Saint George and the Dragon,Egerton Master,about 1410,1410,15,true,false,
Saint George with the Arms of Speth,Unknown,1517,1517,16,false,false,
Saint George à cheval,Bisson Frères,1861,1861,19,false,false,
Saint George à pied,Bisson Frères,1861,1861,19,false,false,
Saint Germain,Bedford Master,about 1440–1450,1440,15,true,false,
Saint Germain as a Bishop,Bedford Master,about 1440–1450,1440,15,true,false,
Saint Germain l'Auxerrois,Bisson Frères,1854,1854,19,false,false,
Saint Germain l'Auxerrois,Bisson Frères,about 1852–1855,1852,19,true,false,
Saint Ginés de la Jara,"Luisa Roldán (called ""La Roldana""); Tomás de Los Arcos",1690s,1690,17,true,false,
Saint Gregory,Taddeo Crivelli,about 1469,1469,15,true,false,
Saint Hedwig Caring for the Sick; Saint Hedwig Caring for Prisoners,Unknown,1353,1353,14,false,false,
Saint Hedwig Feeding the Imprisoned and Caring for Pilgrims; Saint Hedwig Feeding the Poor and the Infirm,Unknown,1353,1353,14,false,false,
Saint Hedwig Leaving Bloody Footprints in the Snow; The Self-Flagellation of Saint Hedwig,Unknown,1353,1353,14,false,false,
Saint Hedwig Listening to a Reading; Saint Hedwig Praying,Unknown,1353,1353,14,false,false,
Saint Hedwig of Silesia with Duke Ludwig I of Liegnitz and Brieg and Duchess Agnes,Unknown,1353,1353,14,false,false,
Saint Hedwig Prophesying the Sufferings of Procurator Luthod; Saint Hedwig Discovering that a Nun Has a Hedgehog,Unknown,1353,1353,14,false,false,
Saint Hedwig Receiving Shoes Miraculously; Abbot Gunther of Leubus Presenting Shoes to Saint Hedwig,Unknown,1353,1353,14,false,false,
Saint Hedwig Reducing the Feudal Tax of Her Subjects; Saint Hedwig Assuring the Defense of Widows and Orphans,Unknown,1353,1353,14,false,false,
Saint Hedwig Refusing to Drink Wine; Saint Hedwig Praying before an Altar,Unknown,1353,1353,14,false,false,
Saint Hedwig Rescuing a Man from Hanging; Saint Hedwig Freeing the Hands of a Woman that Became Glued to a Millstone Staff Because She Worked on a Sunday,Unknown,1353,1353,14,false,false,
Saint Hedwig Saving a Choking Nun and Curing a Woman and Nuns of Blindness; Saint Hedwig Asking for the Life of a Man Condemned to Be Hung,Unknown,1353,1353,14,false,false,
Saint Hubert,Lieven van Lathem,1469,1469,15,false,false,
Saint James as a Pilgrim,Master of Jacques of Luxembourg,about 1466–1470,1466,15,true,false,
Saint James as a Pilgrim,Master of the First Prayer Book of Maximilian,about 1510–1520,1510,16,true,false,
Saint James as a Pilgrim with a Purse and a Staff,Bedford Master,about 1440–1450,1440,15,true,false,
Saint James the Greater,Willem Vrelant,early 1460s,1460,15,true,false,
Saint Jean Baptiste Enfant,Juan Laurent,1880–1886,1880,19,false,false,
Saint Jerome,Willem Vrelant,early 1460s,1460,15,true,false,
Saint Jerome,Master of the Getty Epistles,about 1528–1530,1528,16,true,false,
Saint Jerome Extracting a Thorn from a Lion's Paw,Master of the Murano Gradual,second quarter of 15th century,1450,15,true,false,
Saint Jerome in His Study,Master of Sir John Fastolf,about 1430–1440,1430,15,true,false,
Saint Jerome in the Desert,Taddeo Crivelli,about 1469,1469,15,true,false,
Saint Jerome in the Wilderness,Ercole de'Roberti,about 1475,1475,15,true,false,
Saint Jerome Reading,Master of the First Prayer Book of Maximilian,about 1510–1520,1510,16,true,false,
Saint John,Unknown,late 14th–early 15th century,1450,15,true,false,
Saint John,Unknown,late 13th century,1250,13,true,false,
Saint John,Unknown,about 1420,1420,15,true,false,
Saint John,Unknown,about 1504–1505,1504,16,true,false,
Saint John,Unknown,about 1480–1520,1480,15,true,false,
Saint John,Unknown,shortly after 1053,1053,11,true,false,
Saint John Eats the Book Received from the Angel,Unknown,about 1255–1260,1255,13,true,false,
Saint John Handing a Letter to Messenger,Master of Jean de Mandeville,about 1360–1370,1360,14,true,false,
Saint John on Patmos,Lieven van Lathem,1469,1469,15,false,false,
Saint John on Patmos,Master of the Lübeck Bible,about 1510–1520,1510,16,true,false,
Saint John on Patmos,Egerton Master,about 1410,1410,15,true,false,
Saint John on Patmos,Georges Trubert,about 1480–1490,1480,15,true,false,
Saint John on Patmos,Master of Jean de Mandeville,about 1360–1370,1360,14,true,false,
Saint John on Patmos,Master of Jacques of Luxembourg,about 1466–1470,1466,15,true,false,
Saint John on Patmos,Unknown,early 16th century,1550,16,true,false,
Saint John on Patmos,Unknown,about 1255–1260,1255,13,true,false,
Saint John on Patmos,Unknown,1544,1544,16,false,false,
Saint John Praying to the Angel,Unknown,about 1255–1260,1255,13,true,false,
Saint John the Baptist,Willem Vrelant,early 1460s,1460,15,true,false,
Saint John the Baptist,Luca di Tommè,1380s,1380,14,true,false,
Saint John the Baptist,Egerton Master,about 1410,1410,15,true,false,
Saint John the Baptist,Giovanni Agostino da Lodi,about 1500,1500,16,true,false,
Saint John the Baptist,Unknown,about 1510–1520,1510,16,true,false,
Saint John the Baptist,Taddeo Crivelli,about 1469,1469,15,true,false,
Saint John the Baptist,Unknown; Juan Conchillos Falcó,about 1740,1740,18,true,false,
Saint John the Baptist,Agnolo Bronzino,about 1542–1545,1542,16,true,false,
Saint John the Baptist in the Wilderness,Unknown,about 1410,1410,15,true,false,
Saint John the Baptist Pointing to the Lamb of God,Master of Jacques of Luxembourg,about 1466–1470,1466,15,true,false,
Saint John the Baptist Preaching,Unknown,about 1475,1475,15,true,false,
Saint John the Baptist Preaching and Christ with the Apostles,Master of the First Prayer Book of Maximilian,about 1510–1520,1510,16,true,false,
Saint John the Baptist with the Lamb of God,Bedford Master,about 1440–1450,1440,15,true,false,
Saint John the Baptist with the Lamb of God on a Book,Master of the First Prayer Book of Maximilian,about 1510–1520,1510,16,true,false,
Saint John the Evangelist,Unknown,about 1490,1490,15,true,false,
Saint John the Evangelist,Egerton Master,about 1410,1410,15,true,false,
Saint John the Evangelist,Willem Vrelant,early 1460s,1460,15,true,false,
Saint John the Evangelist,Master of Jacques de Besançon,about 1500,1500,16,true,false,
Saint John the Evangelist,Unknown,about 1120–1140,1120,12,true,false,
Saint John the Evangelist,Malnazar; Aghap'ir,1637–1638,1637,17,false,false,
Saint John the Evangelist,Master of the Lee Hours,about 1450–1455,1450,15,true,false,
Saint John the Evangelist,Master of Sir John Fastolf,about 1430–1440,1430,15,true,false,
Saint John the Evangelist,Unknown,about 1430,1430,15,true,false,
Saint John the Evangelist,Frans Hals,about 1625,1625,17,true,false,
Saint John the Evangelist,Mesrop of Khizan,1615,1615,17,false,false,
Saint John the Evangelist and an Angel,El Greco (Domenico Theotokopoulos),about 1600,1600,17,true,false,
Saint John the Evangelist Consoled by an Elder and by an Angel Holding a Scroll,Unknown,about 1255–1260,1255,13,true,false,
Saint John the Evangelist Dictating,Unknown,early 13th century,1250,13,true,false,
Saint John the Evangelist Dictating,Unknown,1386,1386,14,false,false,
Saint John the Evangelist surrounded by Seven Angels,Unknown,about 1340–1350,1340,14,true,false,
Saint John the Evangelist with the Poisoned Chalice,Bedford Master,about 1440–1450,1440,15,true,false,
Saint John the Evangelist Writing,Unknown,about 1340–1350,1340,14,true,false,
"Saint John the Evangelist, by Domenichino",Caldesi & Montecchi,1858,1858,19,false,false,
Saint Joseph Leaning on a Table,Sassoferrato (Giovanni Battista Salvi),about 1650,1650,17,true,false,
Saint Joseph with the Christ Child,Gennaro Laudato; Giuseppe Sanmartino,1790s,1790,18,true,false,
Saint Julianus and his Wife,Master of James IV of Scotland,about 1510–1520,1510,16,true,false,
Saint Jérôme,Bisson Frères,1861,1861,19,false,false,
Saint Jérôme (Le Grand),Bisson Frères,1858,1858,19,false,false,
Saint Jérôme dans le Gout d'Albert Durer,Bisson Frères,1858,1858,19,false,false,
Saint Jérôme dans sa cellule,Bisson Frères,1861,1861,19,false,false,
Saint Jérôme en pénitence,Bisson Frères,1861,1861,19,false,false,
Saint Lawrence,Willem Vrelant,early 1460s,1460,15,true,false,
Saint Lawrence,Master of Jacques de Besançon,about 1500,1500,16,true,false,
Saint Lawrence with a Book and a Gridiron,Master of Jacques of Luxembourg,about 1466–1470,1466,15,true,false,
Saint Lawrence with a Gridiron,Bedford Master,about 1440–1450,1440,15,true,false,
Saint Leonard,Master of Sir John Fastolf,about 1430–1440,1430,15,true,false,
Saint Leonard Liberating a Child from Prison,Unknown,about 1460,1460,15,true,false,
Saint Lucy,Fra Paolino (Paolo del Signoraccio),about 1525–1530,1525,16,true,false,
Saint Luke,Mesrop of Khizan,1615,1615,17,false,false,
Saint Luke,Unknown,about 1120–1140,1120,12,true,false,
Saint Luke,Unknown,1386,1386,14,false,false,
Saint Luke,Simone Martini,early 1330s,1330,14,true,false,
Saint Luke,Unknown,about 1480–1520,1480,15,true,false,
Saint Luke,Unknown,shortly after 1053,1053,11,true,false,
Saint Luke,Unknown,about 1504–1505,1504,16,true,false,
Saint Luke,Unknown,early 13th century,1250,13,true,false,
Saint Luke,Unknown,late 13th century,1250,13,true,false,
Saint Luke,Master of the First Prayer Book of Maximilian,about 1510–1520,1510,16,true,false,
Saint Luke,Malnazar; Aghap'ir,1637–1638,1637,17,false,false,
Saint Luke,Master of the Lee Hours,about 1450–1455,1450,15,true,false,
Saint Luke,Master of Jacques of Luxembourg,about 1466–1470,1466,15,true,false,
Saint Luke,Master of Jean de Mandeville,about 1360–1370,1360,14,true,false,
Saint Luke,Unknown,early 16th century,1550,16,true,false,
Saint Luke,Egerton Master,about 1410,1410,15,true,false,
Saint Luke,Bedford Master,about 1440–1450,1440,15,true,false,
Saint Luke Painting an Image of the Virgin,Bedford Master,about 1440–1450,1440,15,true,false,
Saint Margaret,Master of Sir John Fastolf,about 1430–1440,1430,15,true,false,
Saint Margaret,Unknown,about 1420–1430,1420,15,true,false,
Saint Margaret,Willem Vrelant,early 1460s,1460,15,true,false,
Saint Margaret,Lieven van Lathem,1469,1469,15,false,false,
Saint Margaret and a Dragon,Bedford Master,about 1440–1450,1440,15,true,false,
Saint Margaret and the Dragon,Master of Jacques de Besançon,about 1500,1500,16,true,false,
Saint Mark,Egerton Master,about 1410,1410,15,true,false,
Saint Mark,Unknown,1386,1386,14,false,false,
Saint Mark,Master of Jean de Mandeville,about 1360–1370,1360,14,true,false,
Saint Mark,Bedford Master,about 1440–1450,1440,15,true,false,
Saint Mark,Unknown,early 13th century,1250,13,true,false,
Saint Mark,Unknown,about 1504–1505,1504,16,true,false,
Saint Mark,Unknown,shortly after 1053,1053,11,true,false,
Saint Mark,Malnazar; Aghap'ir,1637–1638,1637,17,false,false,
Saint Mark,Unknown,about 1325–1345,1325,14,true,false,
Saint Mark,Dunois Master,1455,1455,15,false,false,
Saint Mark,Unknown,early 16th century,1550,16,true,false,
Saint Mark,Unknown,late 13th century,1250,13,true,false,
Saint Mark,Mesrop of Khizan,1615,1615,17,false,false,
Saint Mark,Master of Jacques of Luxembourg,about 1466–1470,1466,15,true,false,
Saint Mark,Unknown,about 1120–1140,1120,12,true,false,
Saint Mark,Master of the First Prayer Book of Maximilian,about 1510–1520,1510,16,true,false,
Saint Mark,Unknown,about 1480–1520,1480,15,true,false,
Saint Martin Dividing his Cloak,Bedford Master,about 1440–1450,1440,15,true,false,
Saint Martin Dividing his Cloak,Lieven van Lathem,1469,1469,15,false,false,
Saint Martin Dividing His Cloak with a Beggar,Lorenzo Lotto,about 1530,1530,16,true,false,
Saint Mary Magdalene,Master of Jacques de Besançon,about 1500,1500,16,true,false,
Saint Mary Magdalene and the Virgin,Master of the Chronique scandaleuse,about 1500,1500,16,true,false,
Saint Mary Magdalene at the Sepulchre,Giovanni Girolamo Savoldo,1530s,1530,16,true,false,
Saint Mary of Egypt,Unknown,about 1480–1490,1480,15,true,false,
Saint Matthew,Unknown,about 1504–1505,1504,16,true,false,
Saint Matthew,Unknown,late 13th century,1250,13,true,false,
Saint Matthew,Bedford Master,about 1440–1450,1440,15,true,false,
Saint Matthew,Correggio (Antonio Allegri),about 1523,1523,16,true,false,
Saint Matthew,Dunois Master,1455,1455,15,false,false,
Saint Matthew,Unknown,about 1120–1140,1120,12,true,false,
Saint Matthew,Unknown,about 1480–1520,1480,15,true,false,
Saint Matthew,Unknown,early 16th century,1550,16,true,false,
Saint Matthew,Master of Jacques of Luxembourg,about 1466–1470,1466,15,true,false,
Saint Matthew,Unknown,shortly after 1053,1053,11,true,false,
Saint Matthew,Egerton Master,about 1410,1410,15,true,false,
Saint Matthew,Malnazar; Aghap'ir,1637–1638,1637,17,false,false,
Saint Matthew,Master of the First Prayer Book of Maximilian,about 1510–1520,1510,16,true,false,
Saint Matthew,Ghoukas,1583,1583,16,false,false,
Saint Matthew,Mesrop of Khizan,1615,1615,17,false,false,
Saint Matthew,Unknown,1386,1386,14,false,false,
Saint Matthew,Master of the Lee Hours,about 1450–1455,1450,15,true,false,
Saint Matthew Seated,Unknown,early 13th century,1250,13,true,false,
Saint Matthew Seated,Bedford Master,about 1440–1450,1440,15,true,false,
Saint Matthew with a Book,Bedford Master,about 1440–1450,1440,15,true,false,
Saint Matthew Writing His Gospel,Carlo Dolci,1640s,1640,17,true,false,
Saint Matthias,Egerton Master,about 1410,1410,15,true,false,
Saint Michael,Master of the First Prayer Book of Maximilian,about 1510–1520,1510,16,true,false,
Saint Michael,Lieven van Lathem,1469,1469,15,false,false,
Saint Michael and the Dragon,Unknown,early 16th century,1550,16,true,false,
Saint Michael and the Dragon,Willem Vrelant,early 1460s,1460,15,true,false,
Saint Michael and the Dragon,Master of Sir John Fastolf,about 1430–1440,1430,15,true,false,
Saint Michael Battling the Devil,Unknown,about 1460,1460,15,true,false,
Saint Michael Battling the Devil,Bedford Master,about 1440–1450,1440,15,true,false,
Saint Michael Battling the Devil,Master of Jacques of Luxembourg,about 1466–1470,1466,15,true,false,
Saint Michael Battling the Dragon,Unknown,probably 1170s,1170,12,true,false,
Saint Nicholas,Egerton Master,about 1410,1410,15,true,false,
Saint Nicholas,Taddeo Crivelli,about 1469,1469,15,true,false,
Saint Nicholas,Master of Jacques de Besançon,about 1500,1500,16,true,false,
Saint Nicholas Rescuing Three Youths from a Tub,Master of the Lübeck Bible,about 1510–1520,1510,16,true,false,
Saint Nicholas Rescuing Three Youths from a Tub,Bedford Master,about 1440–1450,1440,15,true,false,
Saint Nicholas Rescuing Three Youths from a Tub,Willem Vrelant,early 1460s,1460,15,true,false,
Saint Nicholas Rescuing Three Youths from a Tub,Master of Jacques of Luxembourg,about 1466–1470,1466,15,true,false,
"Saint Nicolas, Goussainville",Eugène Atget,1921,1921,20,false,false,
Saint Ossanus,Guglielmo Giraldi,about 1469,1469,15,true,false,
Saint Paul,Master of the Getty Epistles,about 1528–1530,1528,16,true,false,
Saint Paul,Giuseppe Maria Crespi,about 1720–1730,1720,18,true,false,
Saint Paul,Unknown,about 1612,1612,17,true,false,
Saint Paul,Giovanni Girolamo Savoldo,1533,1533,16,false,false,
"Saint Paul and Sergius, Roman Proconsul in Cyprus",Malnazar; Aghap'ir,1637–1638,1637,17,false,false,
Saint Paul Rending His Garments,Raphael (Raffaello Sanzio),about 1515–1516,1515,16,true,false,
Saint Paul Speaking to the Romans,Master of Jean de Mandeville,about 1360–1370,1360,14,true,false,
Saint Paul with an Open Book,Bedford Master,about 1440–1450,1440,15,true,false,
Saint Paul à Londres,Friedrich Salathé; Unknown; Bougeard; Lemercier et Cie.; Goupil & Cie.; Hector Bossange; Nöel-Marie-Paymal Lerebours,1842,1842,19,false,false,
Saint Paul à Londres,Dusacq et Cie.; Friedrich Salathé; Unknown; F. Chardon Ainé; Rittner & Goupil; Hector Bossange; Dusacq et Cie.,1864–1869,1864,19,false,false,
Saint Peter Handing a Letter to a Messenger,Master of Jean de Mandeville,about 1360–1370,1360,14,true,false,
Saint Peter Martyr,Taddeo Crivelli,about 1469,1469,15,true,false,
Saint Peter with a Key,Bedford Master,about 1440–1450,1440,15,true,false,
Saint Philip,Master of the Rimini Altarpiece,about 1420–1430,1420,15,true,false,
Saint Sebastian,Master of the First Prayer Book of Maximilian,about 1510–1520,1510,16,true,false,
Saint Sebastian,Master of Jacques de Besançon,about 1500,1500,16,true,false,
Saint Sebastian,Unknown,about 1520–1530,1520,16,true,false,
Saint Sebastian,Bedford Master,about 1440–1450,1440,15,true,false,
Saint Sebastian Tended by an Angel,Anthony van Dyck,about 1630–1632,1630,17,true,false,
Saint Sebastian Thrown into the Cloaca Maxima,Ludovico Carracci,1612,1612,17,false,false,
Saint Stephen,Master of Jacques de Besançon,about 1500,1500,16,true,false,
Saint Stephen,Master of the First Prayer Book of Maximilian,about 1510–1520,1510,16,true,false,
Saint Sulpice (No. 94),Édouard Baldus,1860s,1860,19,true,false,
Saint Sébastien attaché à un arbre,Bisson Frères,1861,1861,19,false,false,
Saint Sébastien attaché à une colonne,Bisson Frères,1861,1861,19,false,false,
Saint Thomas with a Book,Bedford Master,about 1440–1450,1440,15,true,false,
Saint Veronica,Lieven van Lathem,about 1471,1471,15,true,false,
Saint Veronica Displaying the Sudarium,Master of Guillebert de Mets,about 1450–1455,1450,15,true,false,
Saint Victor with a Sword,Bedford Master,about 1440–1450,1440,15,true,false,
Saint Vincent Liberating a Man from Prison,Unknown,about 1460,1460,15,true,false,
Saint Vincent with a Book and a Palm,Bedford Master,about 1440–1450,1440,15,true,false,
"Saint with Ladder, Patzcuaro, Mexico",Paul Strand,1933,1933,20,false,false,
Saint Wolfgang,Francis Frith,about 1864,1864,19,true,false,
Sainte Anne et la sainte Vierge,Bisson Frères,1861,1861,19,false,false,
Sainte Clotilde (No. 83),Édouard Baldus,1860s,1860,19,true,false,
Sainte Marie della Salute,Carlo Ponti,1860–1870,1860,19,false,false,
Sainte Véronique,Bisson Frères,1861,1861,19,false,false,
Saloon Steamers on the Saint Laurence [sic],Unknown,1861–1903,1861,19,false,false,
September Calendar Page; Saint Michael,Bedford Master,about 1440–1450,1440,15,true,false,
"Sheet of Studies for ""The Martyrdom of Saint George"" (recto); Studies of a House, Tree, Heads, Artist's Tools, Decorative Motifs, and Computations (verso)",Paolo Veronese (Paolo Caliari),1566,1566,16,false,false,
St. Jean de Luz. - La plage,Edmond de Labrador,about 1870,1870,19,true,false,
St. Jean de Luz. Procession de la Fête-Dieu,Edmond de Labrador,about 1870,1870,19,true,false,
St. Jean la Boucherie,Unknown,negative about 1860s,1860,19,true,false,
St. Jean à Lyon,Friedrich Salathé; Unknown; Bougeard; Goupil et Vibert; Hector Bossange; Nöel-Marie-Paymal Lerebours,1842–1845,1842,19,false,false,
"St. Jerome (recto); Kneeling Male Nude, with His Head and Shoulders Leaning Back (verso)",Juan del Castillo,about 1630–1650,1630,17,true,false,
St. Jerome Hearing the Trumpet of the Last Judgment,Vicente Carducho,about 1626–1632,1626,17,true,false,
St. Jerome Hearing the Trumpet of the Last Judgment,Antonio Castillo y Saavedra,about 1645–1650,1645,17,true,false,
St. John the Baptist,Master of the Harburger Altar,about 1515,1515,16,true,false,
"St. Laurent, Rouen",William J. Stillman,about 1861,1861,19,true,false,
St. Maurice à Vienne,Vogel; Unknown; Tarlé; Goupil et Vibert; Hector Bossange; Nöel-Marie-Paymal Lerebours,1842–1845,1842,19,false,false,
St. Peter's - Rome,"Robert Eaton; Mc Lean, Melhuish, Napper & Co.; Mc Lean, Melhuish, Napper & Co.",about 1855,1855,19,true,false,
"St. Pierre, Caen",William J. Stillman,about 1861,1861,19,true,false,
Standing Female Saint,Martin Schongauer,1490,1490,15,false,false,
Standing Saint,Francesco Morone,about 1510,1510,16,true,false,
"Standing Saint (recto); Studies of Christ at the Column, a Nude from Behind, and Various Figures (verso)",Filippino Lippi,about 1482,1482,15,true,false,
Studies of the Madonna and Child and of Heads (recto); Madonna and Child with Saint John Seated in a Landscape (verso),Michel Corneille the Younger,about 1670–1690,1670,17,true,false,
Study for Saint Peter,Giovanni Girolamo Savoldo,about 1533,1533,16,true,false,
Study for the Figure of the Infant Saint John the Baptist,Fra Bartolommeo (Baccio della Porta),about 1509,1509,16,true,false,
Study for the Head of Saint Joseph (recto); Two Studies of Legs (verso),Andrea del Sarto,about 1526–1527,1526,16,true,false,
Study of a Franciscan Monk (Possibly Saint Francis),Cerano (Giovanni Battista Crespi),about 1600,1600,17,true,false,
Study of a Male Figure (Empedocles and/or Saint Roch),Rosso Fiorentino (Giovanni Battista di Jacopo di Gasparre),about 1538–1540,1538,16,true,false,
Study of the Martyrdom of Saint Peter Martyr,Pordenone (Giovanni Antonio de'Sacchis),1526–1528,1526,16,false,false,
The Adoration of the Magi with Saint Anthony Abbot,Franco-Flemish Master,about 1410–1420,1410,15,true,false,
The Apparition of the Virgin and Child to Saint Louis of France,Mariano Salvador Maella,about 1780s,1780,18,true,false,
The Arrival of Saint John on Patmos,Unknown,about 1255–1260,1255,13,true,false,
The Assumption of the Virgin and Saint Thomas Receiving the Virgin's Girdle,Unknown,about 1460,1460,15,true,false,
The Assumption of the Virgin; Initial G: Saint Thomas Receiving the Virgin's Girdle,Master of the Brussels Initials,between about 1389 and 1400,1389,14,true,false,
The Beheading of Saint John the Baptist,Unknown,about 1475,1475,15,true,false,
The Beheading of Saint John the Baptist,Lieven van Lathem,1469,1469,15,false,false,
The Conversion of Saint Paul,Taddeo Zuccaro,1558/1559–1566,1558,16,false,false,
The Conversion of Saint Paul,Wolf Huber,1531,1531,16,false,false,
The Conversion of St. Paul,Christoph Daniel Schenck,1685,1685,17,false,false,
The Denial of Saint Peter,Simon Bening,about 1525–1530,1525,16,true,false,
The Descent from the Cross with Saint Francis and another Friar,Jan de Bisschop; Jacopo Ligozzi,about 1669,1669,17,true,false,
The Family of Berthold VI; The Marriage of Saint Hedwig and Heinrich,Unknown,1353,1353,14,false,false,
"The Inn, Saint Gilgen, with Portrait of the Widow Schöndorfer",Francis Frith,about 1864,1864,19,true,false,
"The Interior of Saint Bavo, Haarlem",Pieter Jansz. Saenredam,1628,1628,17,false,false,
The Liberation of Saint Peter,Laurent de La Hyre,about 1647,1647,17,true,false,
The Lion of Saint Mark,Unknown,about 1420–1430,1420,15,true,false,
"The Madonna and Child and Saint Joseph, by F. Francia",Caldesi & Montecchi,1858,1858,19,false,false,
The Martyrdom of Saint Andrew,Lieven van Lathem,1469,1469,15,false,false,
The Martyrdom of Saint Andrew,Unknown,about 1410,1410,15,true,false,
The Martyrdom of Saint Andrew,Charles Le Brun,1646–1647,1646,17,false,false,
The Martyrdom of Saint Apollonia,Lieven van Lathem,1469,1469,15,false,false,
The Martyrdom of Saint Catherine,Lieven van Lathem,1469,1469,15,false,false,
The Martyrdom of Saint Justina,Paolo Veronese (Paolo Caliari),1575,1575,16,false,false,
The Martyrdom of Saint Lawrence,Lieven van Lathem,1469,1469,15,false,false,
The Martyrdom of Saint Lawrence,Pacino di Bonaguida,about 1340,1340,14,true,false,
The Martyrdom of Saint Sebastian,Unknown,about 1460,1460,15,true,false,
The Martyrdom of Saint Sebastian,Taddeo Crivelli,about 1469,1469,15,true,false,
The Martyrdom of Saint Sebastian,Simon Bening,about 1535–1540,1535,16,true,false,
The Martyrdom of Saint Sebastian,Master of Sir John Fastolf,about 1430–1440,1430,15,true,false,
The Martyrdom of Saint Sebastian,Master of Jacques of Luxembourg,about 1466–1470,1466,15,true,false,
The Martyrdom of Saint Sebastian,Lieven van Lathem,1469,1469,15,false,false,
The Martyrdom of Saint Thomas Becket,Master of Sir John Fastolf,about 1430–1440,1430,15,true,false,
The Martyrdom of Saint Thomas Becket,Willem Vrelant,early 1460s,1460,15,true,false,
The Mass of Saint Gregory,Master of the Lübeck Bible,about 1510–1520,1510,16,true,false,
The Mass of Saint Gregory,Gerard Horenbout,about 1500,1500,16,true,false,
The Mass of Saint Gregory,Master of Sir John Fastolf,about 1430–1440,1430,15,true,false,
The Mass of Saint Gregory,Simon Bening,about 1535–1540,1535,16,true,false,
The Mass of Saint Gregory,Unknown,about 1480–1490,1480,15,true,false,
The Mass of Saint Gregory the Great,Adriaen Ysenbrandt,about 1510–1550,1510,16,true,false,
The Miracles of Saint Francis of Paola,Peter Paul Rubens,about 1627–1628,1627,17,true,false,
The Miraculous Communion of Saint Catherine of Siena,Domenico Beccafumi,about 1513–1515,1513,16,true,false,
The Mystic Marriage of Saint Catherine (after Correggio),Federico Zuccaro,about 1595,1595,16,true,false,
The Opening of Saint Hedwig's Tomb; The Translation of Saint Hedwig's Relics,Unknown,1353,1353,14,false,false,
The Penitent St. Peter,Christoph Daniel Schenck,1685,1685,17,false,false,
The Pietà; Saint John the Evangelist,Willem Vrelant,early 1460s,1460,15,true,false,
The Pledge of Chastity; Saint Hedwig Assisting the Poor and Sick,Unknown,1353,1353,14,false,false,
The Rest on the Flight into Egypt with Saint John the Baptist,Fra Bartolommeo (Baccio della Porta),about 1509,1509,16,true,false,
"The Right Reverend Connop Thirlwall, Lord Bishop of Saint David's.",Ernest H. Edwards,1868,1868,19,false,false,
"The Sick, the Leprous, and the Lame Praying at Saint Hedwig's Tomb; People Coming to Visit Saint Hedwig's Tomb",Unknown,1353,1353,14,false,false,
The Stigmatization of Saint Francis,Unknown,about 1480–1490,1480,15,true,false,
The Stigmatization of Saint Francis,Taddeo Crivelli,about 1469,1469,15,true,false,
The Stigmatization of Saint Francis,Master of the Lübeck Bible,about 1510–1520,1510,16,true,false,
The Stoning of Saint Stephen,Bartholomeus Breenbergh,1632,1632,17,false,false,
The Stoning of Saint Stephen,Unknown,about 1475,1475,15,true,false,
The Stoning of Saint Stephen,Lieven van Lathem,1469,1469,15,false,false,
The Stoning of Saint Stephen,Egerton Master,about 1410,1410,15,true,false,
The Stoning of Saint Stephen,Bedford Master,about 1440–1450,1440,15,true,false,
The Stoning of Saint Stephen,Willem Vrelant,early 1460s,1460,15,true,false,
The Swooning Virgin Supported by Three Holy Women and Three Studies of Men (recto); Saint George and the Dragon (verso),Cesare da Sesto,about 1510,1510,16,true,false,
The Tartars Carrying the Head of Heinrich before Castle Liegnitz; Saint Hedwig Seeing in a Dream Her Son's Soul Carried to Heaven,Unknown,1353,1353,14,false,false,
The Temptation of Saint Anthony,Lelio Orsi,1570s,1570,16,true,false,
The Temptation of Saint Anthony,Lieven van Lathem,1469,1469,15,false,false,
The Virgin and Child with Saint Anne,Willem Vrelant,early 1460s,1460,15,true,false,
The Virgin and Child with Saint Anne,Master of James IV of Scotland,about 1510–1520,1510,16,true,false,
The Virgin and Child with Saint Anne,Lieven van Lathem,1469,1469,15,false,false,
The Virgin and Child with Saint Joseph,Unknown,about 1490,1490,15,true,false,
The Vision of Saint Bruno,Pier Francesco Mola,about 1660,1660,17,true,false,
The Vision of Saint Francis of Paola,Bartolomé Esteban Murillo,about 1670,1670,17,true,false,
The Way to Calvary and Saint Veronica with the Sudarium,Master of James IV of Scotland,about 1510–1520,1510,16,true,false,
The Youthful Saint John the Baptist Seated in a Landscape (recto); Unidentified Figure Composition (Dido and Aeneas?) (verso),Bartolomé Esteban Murillo,about 1655,1655,17,true,false,
Virgin and Child with Saint John the Baptist,Guido Reni,about 1640–1642,1640,17,true,false,
Virgin and Child with Saint John the Baptist and Mary Magdalene,Parmigianino (Francesco Mazzola),about 1535–1540,1535,16,true,false,
Vision of Saint Gaetano Thiene,Ubaldo Gandolfi,about 1775,1775,18,true,false,
"While Saint Hedwig Sleeps, a Candle Falls onto Her Book but Does Not Burn; Saint Hedwig Prophesying the Death of Heinrich",Unknown,1353,1353,14,false,false,
